ts,stage,active_mb,max_mb,sb_min_mb,dyn_target_mb,dyn_used_mb,dyn_free_mb,grant_debt_mb,ap_count,ap_queue_len,ap_queue_admit,ap_queue_timeout,backpressure_cnt,bp_reason,buf_active_gr,buf_draining_gr,reclaiming_gr,free_gr,ap_reserved_gr,ap_active_gr,total_gr,gr_consistent,tp_baseline_tps,tp_recent_tps,tp_drop_ratio,tp_guard_hot,io_guard_hot,spill_rate,last_grant_mb,eff_grant_kb,eff_downgrade,grant_shrink,pool_event_id,pool_action,binding,tps,blks_hit,blks_read,buffer_hit_pct
1786506065,-,1728,2048,512,1024,0,1024,18,0,0,2,0,2,capacity,27,0,0,5,0,0,32,true,4.150,4.060,0.000000,false,false,0.000000,6,0,3,3,59,TP_RECOVERY,,,1170343083,54802804,
1786506066,-,1728,2048,512,1024,0,1024,18,0,0,2,0,2,capacity,27,0,0,5,0,0,32,true,5.090,5.090,0.000000,false,false,0.000000,1,0,3,3,59,TP_RECOVERY,,22,1170343755,54802855,92.95
1786506067,-,1728,2048,512,1024,0,1024,18,0,0,2,0,2,capacity,27,0,0,5,0,0,32,true,5.622,5.622,0.000000,false,false,0.000000,1,0,3,3,59,TP_RECOVERY,,14,1170343878,54802855,100.00
1786506068,tp_warmup,1728,2048,512,1024,159,865,18,1,0,2,0,2,capacity,27,0,0,2,0,3,32,true,5.922,5.922,0.000000,false,false,0.000000,159,0,3,3,59,TP_RECOVERY,,24,1170344261,54802855,100.00
1786506069,tp_warmup,1728,2048,512,1024,159,865,18,1,0,2,0,2,capacity,27,0,0,2,0,3,32,true,9.281,9.281,0.000000,false,false,0.000000,1,0,3,3,59,TP_RECOVERY,,21,1170344497,54802857,99.16
1786506070,tp_warmup,1728,2048,512,1024,159,865,18,1,0,2,0,2,capacity,27,0,0,2,0,3,32,true,9.878,9.878,0.000000,false,false,0.000000,1,0,3,3,59,TP_RECOVERY,,16,1170344623,54802857,100.00
1786506071,tp_warmup,1728,2048,512,1024,159,865,18,1,0,2,0,2,capacity,27,0,0,2,0,3,32,true,10.545,10.545,0.000000,false,false,0.000000,1,0,3,3,59,TP_RECOVERY,,23,1170344999,54802857,100.00
1786506072,tp_warmup,1728,2048,512,1024,159,865,18,1,0,2,0,2,capacity,27,0,0,2,0,3,32,true,11.111,11.111,0.000000,false,false,0.000000,1,0,3,3,59,TP_RECOVERY,,18,1170345123,54802859,98.41
1786506073,tp_warmup,1728,2048,512,1024,159,865,18,1,0,2,0,2,capacity,27,0,0,2,0,3,32,true,11.543,11.543,0.000000,false,false,0.000000,1,0,3,3,59,TP_RECOVERY,,16,1170345248,54802859,100.00
1786506074,tp_warmup,1728,2048,512,1024,159,865,18,1,0,2,0,2,capacity,27,0,0,2,0,3,32,true,12.241,12.241,0.000000,false,false,0.000000,1,0,3,3,59,TP_RECOVERY,,23,1170345620,54802863,98.94
1786506075,tp_warmup,1728,2048,512,1024,159,865,18,1,0,2,0,2,capacity,27,0,0,2,0,3,32,true,12.841,12.841,0.000000,false,false,0.000000,1,0,3,3,59,TP_RECOVERY,,18,1170345746,54802863,100.00
1786506076,tp_warmup,1728,2048,512,1024,159,865,18,1,0,2,0,2,capacity,27,0,0,2,0,3,32,true,13.239,13.239,0.000000,false,false,0.000000,1,0,3,3,59,TP_RECOVERY,,16,1170345871,54802863,100.00
1786506077,tp_warmup,1728,2048,512,1024,159,865,18,1,0,2,0,2,capacity,27,0,0,2,0,3,32,true,13.939,13.939,0.000000,false,false,0.000000,1,0,3,3,59,TP_RECOVERY,,23,1170346247,54802863,100.00
1786506078,tp_warmup,1728,2048,512,1024,159,865,18,1,0,2,0,2,capacity,27,0,0,2,0,3,32,true,14.537,14.537,0.000000,false,false,0.000000,1,0,3,3,59,TP_RECOVERY,,18,1170346373,54802863,100.00
1786506079,tp_warmup,1728,2048,512,1024,0,1024,18,0,0,2,0,2,capacity,27,0,0,5,0,0,32,true,14.938,14.938,0.000000,false,false,0.000000,1,0,3,3,59,TP_RECOVERY,,51,1170347872,55199307,0.38
1786506080,tp_warmup,1728,2048,512,1024,0,1024,18,0,0,2,0,2,capacity,27,0,0,5,0,0,32,true,15.636,15.636,0.000000,false,false,0.000000,1,0,3,3,59,TP_RECOVERY,,23,1170348248,55199307,100.00
1786506081,tp_warmup,1728,2048,512,1024,0,1024,18,0,0,2,0,2,capacity,27,0,0,5,0,0,32,true,16.235,16.235,0.000000,false,false,0.000000,1,0,3,3,59,TP_RECOVERY,,21,1170488940,55455109,35.48
1786506083,tp_warmup,1728,2048,512,1024,0,1024,18,0,0,2,0,2,capacity,27,0,0,5,0,0,32,true,23.335,23.335,0.000000,false,false,0.000000,1,0,3,3,59,TP_RECOVERY,,425,1170493762,55456691,75.30
1786506084,tp_warmup,1728,2048,512,1024,0,1024,18,0,0,2,0,2,capacity,27,0,0,5,0,0,32,true,34.990,34.990,0.000000,false,false,0.000000,1,0,3,3,59,TP_RECOVERY,,384,1170497974,55457772,79.58
1786506085,tp_warmup,1728,2048,512,1024,0,1024,18,0,0,2,0,2,capacity,27,0,0,5,0,0,32,true,51.121,51.121,0.000000,false,false,0.000000,1,0,3,3,59,TP_RECOVERY,,472,1170503328,55459132,79.74
1786506086,tp_warmup,1728,2048,512,1024,0,1024,18,0,0,2,0,2,capacity,27,0,0,5,0,0,32,true,66.086,66.086,0.000000,false,false,0.000000,1,0,3,3,59,TP_RECOVERY,,468,1170508856,55460366,81.75
1786506087,tp_warmup,1728,2048,512,1024,0,1024,18,0,0,2,0,2,capacity,27,0,0,5,0,0,32,true,97.646,97.646,0.000000,false,false,0.000000,1,0,3,3,59,TP_RECOVERY,,501,1170514584,55461678,81.36
1786506088,tp_warmup,1728,2048,512,1024,0,1024,18,0,0,2,0,2,capacity,27,0,0,5,0,0,32,true,110.633,110.633,0.000000,false,false,0.000000,1,0,3,3,59,TP_RECOVERY,,618,1170521827,55463286,81.83
1786506089,tp_warmup,1728,2048,512,1024,0,1024,18,0,0,2,0,2,capacity,27,0,0,5,0,0,32,true,124.576,124.576,0.000000,false,false,0.000000,1,0,3,3,59,TP_RECOVERY,,430,1170527034,55464409,82.26
1786506090,tp_warmup,1728,2048,512,1024,0,1024,18,0,0,2,0,2,capacity,27,0,0,5,0,0,32,true,141.329,141.329,0.000000,false,false,0.000000,1,0,3,3,59,TP_RECOVERY,,543,1170533394,55465806,81.99
1786506091,tp_warmup,1728,2048,512,1024,0,1024,18,0,0,2,0,2,capacity,27,0,0,5,0,0,32,true,157.303,157.303,0.000000,false,false,0.000000,1,0,3,3,59,TP_RECOVERY,,469,1170538958,55466964,82.77
1786506092,tp_warmup,1728,2048,512,1024,0,1024,18,0,0,2,0,2,capacity,27,0,0,5,0,0,32,true,173.085,173.085,0.000000,false,false,0.000000,1,0,3,3,59,TP_RECOVERY,,492,1170544946,55468153,83.43
1786506093,tp_warmup,1728,2048,512,1024,0,1024,18,0,0,2,0,2,capacity,27,0,0,5,0,0,32,true,188.621,188.621,0.000000,false,false,0.000000,1,0,3,3,59,TP_RECOVERY,,498,1170550741,55469458,81.62
1786506094,tp_warmup,1728,2048,512,1024,0,1024,18,0,0,2,0,2,capacity,27,0,0,5,0,0,32,true,206.842,206.842,0.000000,false,false,0.000000,1,0,3,3,59,TP_RECOVERY,,553,1170557351,55470874,82.36
1786506095,tp_warmup,1728,2048,512,1024,0,1024,18,0,0,2,0,2,capacity,27,0,0,5,0,0,32,true,225.039,225.039,0.000000,false,false,0.000000,1,0,3,3,59,TP_RECOVERY,,584,1170564472,55472273,83.58
1786506096,tp_warmup,1728,2048,512,1024,0,1024,18,0,0,2,0,2,capacity,27,0,0,5,0,0,32,true,244.419,244.419,0.000000,false,false,0.000000,1,0,3,3,59,TP_RECOVERY,,609,1170571891,55473731,83.58
1786506098,tp_warmup,1728,2048,512,1024,0,1024,18,0,0,2,0,2,capacity,27,0,0,5,0,0,32,true,261.435,261.435,0.000000,false,false,0.000000,1,0,3,3,59,TP_RECOVERY,,820,1170581884,55475786,82.94
1786506099,tp_warmup,1728,2048,512,1024,0,1024,18,0,0,2,0,2,capacity,27,0,0,5,0,0,32,true,277.858,277.858,0.000000,false,false,0.000000,1,0,3,3,59,TP_RECOVERY,,599,1170589099,55477449,81.27
1786506100,tp_warmup,1728,2048,512,1024,0,1024,18,0,0,2,0,2,capacity,27,0,0,5,0,0,32,true,296.412,296.412,0.000000,false,false,0.000000,1,0,3,3,59,TP_RECOVERY,,602,1170596330,55479028,82.08
1786506101,tp_warmup,1728,2048,512,1024,0,1024,18,0,0,2,0,2,capacity,27,0,0,5,0,0,32,true,315.755,315.755,0.000000,false,false,0.000000,1,0,3,3,59,TP_RECOVERY,,615,1170603952,55480570,83.17
1786506102,tp_warmup,1728,2048,512,1024,0,1024,18,0,0,2,0,2,capacity,27,0,0,5,0,0,32,true,335.676,335.676,0.000000,false,false,0.000000,1,0,3,3,59,TP_RECOVERY,,562,1170610592,55482040,81.87
1786506103,tp_warmup,1728,2048,512,1024,0,1024,18,0,0,2,0,2,capacity,27,0,0,5,0,0,32,true,351.964,351.964,0.000000,false,false,0.000000,1,0,3,3,59,TP_RECOVERY,,235,1170613464,55482637,82.79
1786506104,tp_warmup,1728,2048,512,1024,0,1024,18,0,0,2,0,2,capacity,27,0,0,5,0,0,32,true,377.518,377.518,0.000000,false,false,0.000000,1,0,3,3,59,TP_RECOVERY,,660,1170621383,55484359,82.14
1786506105,tp_warmup,1728,2048,512,1024,0,1024,18,0,0,2,0,2,capacity,27,0,0,5,0,0,32,true,392.646,392.646,0.000000,false,false,0.000000,1,0,3,3,59,TP_RECOVERY,,458,1170626733,55485563,81.63
1786506106,tp_warmup,1728,2048,512,1024,0,1024,18,0,0,2,0,2,capacity,27,0,0,5,0,0,32,true,407.645,407.645,0.000000,false,false,0.000000,1,0,3,3,59,TP_RECOVERY,,479,1170632469,55486781,82.48
1786506107,tp_warmup,1728,2048,512,1024,0,1024,18,0,0,2,0,2,capacity,27,0,0,5,0,0,32,true,430.127,430.127,0.000000,false,false,0.000000,1,0,3,3,59,TP_RECOVERY,,639,1170640379,55488543,81.78
1786506108,tp_warmup,1728,2048,512,1024,0,1024,18,0,0,2,0,2,capacity,27,0,0,5,0,0,32,true,452.893,452.893,0.000000,false,false,0.000000,1,0,3,3,59,TP_RECOVERY,,1036,1170653033,55491501,81.05
1786506109,tp_warmup,1728,2048,512,1024,0,1024,18,0,0,2,0,2,capacity,27,0,0,5,0,0,32,true,475.973,475.973,0.000000,false,false,0.000000,1,0,3,3,59,TP_RECOVERY,,666,1170661195,55493376,81.32
1786506110,tp_warmup,1728,2048,512,1024,0,1024,18,0,0,2,0,2,capacity,27,0,0,5,0,0,32,true,496.608,496.608,0.000000,false,false,0.000000,1,0,3,3,59,TP_RECOVERY,,674,1170669631,55495215,82.10
1786506112,tp_warmup,1728,2048,512,1024,0,1024,18,0,0,2,0,2,capacity,27,0,0,5,0,0,32,true,512.983,512.983,0.000000,false,false,0.000000,1,0,3,3,59,TP_RECOVERY,,499,1170675577,55496499,82.24
1786506113,stage1,1728,2048,512,1024,2,1022,18,2,0,2,0,2,capacity,27,0,0,3,0,2,32,true,523.711,523.711,0.000000,false,false,0.000000,1,0,3,3,59,TP_RECOVERY,,525,1170681744,55497930,81.17
1786506114,stage1,1728,2048,512,1024,2,1022,18,2,0,2,0,2,capacity,27,0,0,3,0,2,32,true,528.881,528.881,0.000000,false,false,0.000000,1,0,3,3,59,TP_RECOVERY,,513,1170687992,55499305,81.96
1786506115,stage1,1728,2048,512,1024,2,1022,18,2,0,2,0,2,capacity,27,0,0,3,0,2,32,true,529.965,529.965,0.000000,false,false,0.000000,1,0,3,3,59,TP_RECOVERY,,747,1170697024,55501187,82.76
1786506116,stage1,1728,2048,512,1024,2,1022,18,2,0,2,0,2,capacity,27,0,0,3,0,2,32,true,531.509,531.509,0.000000,false,false,0.000000,1,0,3,3,59,TP_RECOVERY,,490,1170703104,55502464,82.64
1786506117,stage1,1728,2048,512,1024,2,1022,18,2,0,2,0,2,capacity,27,0,0,3,0,2,32,true,531.509,531.156,0.000665,false,false,0.000000,1,0,3,3,59,TP_RECOVERY,,502,1170709001,55503851,80.96
1786506118,stage1,1728,2048,512,1024,2,1022,18,2,0,2,0,2,capacity,27,0,0,3,0,2,32,true,536.901,536.901,0.000000,false,false,0.000000,1,0,3,3,59,TP_RECOVERY,,545,1170715568,55505311,81.81
1786506119,stage1,1728,2048,512,1024,2,1022,18,2,0,2,0,2,capacity,27,0,0,3,0,2,32,true,540.455,540.455,0.000000,false,false,0.000000,1,0,3,3,59,TP_RECOVERY,,530,1170722126,55506687,82.66
1786506120,stage1,1792,2048,512,960,2,958,20,2,0,2,0,2,capacity,28,0,0,2,0,2,32,true,540.455,538.184,0.004203,false,false,0.000000,4,4096,4,4,60,TP_RECOVERY,,519,1170728393,55507966,83.05
1786506121,stage1,1792,2048,512,960,2,958,22,2,0,2,0,3,recovery_cooldown,28,0,0,2,0,2,32,true,540.455,539.263,0.002206,false,false,0.000000,4,4096,5,5,61,AP_SHRINK,,453,1170733940,55509119,82.79
1786506122,stage1,1792,2048,512,960,2,958,22,2,0,2,0,5,recovery_cooldown,28,0,0,2,0,2,32,true,540.455,540.233,0.000411,false,false,0.000000,0,4096,5,5,61,AP_SHRINK,,661,1170741710,55510705,83.05
1786506123,stage1,1792,2048,512,960,2,958,22,2,0,2,0,5,recovery_cooldown,28,0,0,2,0,2,32,true,540.948,540.948,0.000000,false,false,0.000000,1,4096,5,5,61,AP_SHRINK,,535,1170748131,55512100,82.15
1786506124,stage1,1792,2048,512,960,2,958,22,2,0,2,0,5,recovery_cooldown,28,0,0,2,0,2,32,true,540.948,540.644,0.000563,false,false,0.000000,1,4096,5,5,61,AP_SHRINK,,670,1170756820,55513970,82.29
1786506126,stage1,1856,2048,512,896,2,894,24,2,0,2,0,5,recovery_cooldown,29,0,0,1,0,2,32,true,540.948,536.515,0.008196,false,false,0.000000,4,4096,6,6,62,TP_RECOVERY,,478,1170762719,55515210,82.63
1786506127,stage1,1856,2048,512,896,2,894,26,2,0,2,0,6,recovery_cooldown,29,0,0,1,0,2,32,true,540.948,536.579,0.008078,false,false,0.000000,4,4096,7,7,63,AP_SHRINK,,569,1170769668,55516653,82.81
1786506128,stage1,1920,2048,512,832,2,830,28,2,0,2,0,7,recovery_cooldown,30,0,0,0,0,2,32,true,540.948,536.814,0.007642,false,false,0.000000,4,4096,8,8,64,TP_RECOVERY,,555,1170776450,55518039,83.03
1786506129,stage1,1920,2048,512,832,2,830,30,2,0,2,0,9,recovery_cooldown,30,0,0,0,0,2,32,true,540.948,537.766,0.005884,false,false,0.000000,4,4096,9,9,65,AP_SHRINK,,791,1170785784,55519799,84.14
1786506130,stage1,1920,2048,512,832,2,830,32,2,0,2,0,10,recovery_cooldown,30,0,0,0,0,2,32,true,540.948,536.697,0.007860,false,false,0.000000,4,4096,10,10,66,TP_RECOVERY,,548,1170792489,55521119,83.55
1786506131,stage1,1920,2048,512,832,2,830,34,2,0,2,0,11,recovery_cooldown,30,0,0,0,0,2,32,true,540.948,534.837,0.011297,false,false,0.000000,0,4096,11,11,68,TP_RECOVERY,,655,1170801292,55522845,83.61
1786506132,stage1,1920,2048,512,832,2,830,38,2,0,2,0,12,recovery_cooldown,30,0,0,0,0,2,32,true,540.948,534.614,0.011711,false,false,0.000000,4,4096,13,13,70,TP_RECOVERY,,567,1170808266,55524190,83.83
1786506133,stage1,1856,2048,512,896,2,894,38,2,0,2,0,12,recovery_cooldown,29,0,0,1,0,2,32,true,540.948,538.964,0.003669,false,false,0.000000,1,0,13,13,71,BORROW_FROM_BUFFER,,556,1170815195,55525494,84.16
1786506134,stage1,1856,2048,512,896,2,894,38,2,0,2,0,12,recovery_cooldown,29,0,0,1,0,2,32,true,545.015,545.015,0.000000,false,false,0.000000,1,0,13,13,71,BORROW_FROM_BUFFER,,581,1170822610,55526809,84.94
1786506135,stage1,1856,2048,512,896,2,894,38,2,0,2,0,12,recovery_cooldown,29,0,0,1,0,2,32,true,545.015,544.876,0.000255,false,false,0.000000,1,0,13,13,71,BORROW_FROM_BUFFER,,401,1170827280,55527637,84.94
1786506137,stage1,1856,2048,512,896,2,894,38,2,0,2,0,12,recovery_cooldown,29,0,0,1,0,2,32,true,546.190,546.190,0.000000,false,false,0.000000,1,0,13,13,71,BORROW_FROM_BUFFER,,866,1170838194,55529645,84.46
1786506138,stage1,1920,2048,512,832,2,830,40,2,0,2,0,12,recovery_cooldown,30,0,0,0,0,2,32,true,546.190,544.104,0.003818,false,false,0.000000,4,4096,14,14,72,TP_RECOVERY,,655,1170846407,55531176,84.29
1786506139,stage1,1920,2048,512,832,2,830,42,2,0,2,0,13,recovery_cooldown,30,0,0,0,0,2,32,true,546.190,541.159,0.009210,false,false,0.000000,4,4096,15,15,73,AP_SHRINK,,615,1170853953,55532697,83.22
1786506140,stage1,1920,2048,512,832,2,830,44,2,0,2,0,14,recovery_cooldown,30,0,0,0,0,2,32,true,546.190,537.244,0.016378,false,false,0.000000,4,4096,16,16,74,TP_RECOVERY,,611,1170861597,55534131,84.20
1786506141,stage1,1920,2048,512,832,2,830,46,2,0,2,0,14,recovery_cooldown,30,0,0,0,0,2,32,true,546.190,537.684,0.015572,false,false,0.000000,4,4096,17,17,76,TP_RECOVERY,,620,1170869557,55535516,85.18
1786506142,stage1,1920,2048,512,832,2,830,48,2,0,2,0,15,recovery_cooldown,30,0,0,0,0,2,32,true,546.190,540.735,0.009987,false,false,0.000000,4,4096,18,18,77,AP_SHRINK,,657,1170877737,55537000,84.64
1786506143,stage1,1856,2048,512,896,2,894,50,2,0,2,0,16,recovery_cooldown,29,0,0,1,0,2,32,true,546.190,542.504,0.006747,false,false,0.000000,1,0,19,19,79,BORROW_FROM_BUFFER,,291,1170881375,55537654,84.76
1786506144,stage1,1856,2048,512,896,2,894,50,2,0,2,0,16,recovery_cooldown,29,0,0,1,0,2,32,true,546.190,545.802,0.000709,false,false,0.000000,1,0,19,19,79,BORROW_FROM_BUFFER,,880,1170892498,55539602,85.10
1786506145,stage1,1856,2048,512,896,2,894,50,2,0,2,0,16,recovery_cooldown,29,0,0,1,0,2,32,true,546.903,546.903,0.000000,false,false,0.000000,1,0,19,19,79,BORROW_FROM_BUFFER,,611,1170900119,55541038,84.14
1786506146,stage1,1856,2048,512,896,2,894,50,2,0,2,0,16,recovery_cooldown,29,0,0,1,0,2,32,true,555.768,555.768,0.000000,false,false,0.000000,1,0,19,19,79,BORROW_FROM_BUFFER,,939,1170912196,55543153,85.10
1786506147,stage1,1856,2048,512,896,2,894,50,2,0,2,0,16,recovery_cooldown,29,0,0,1,0,2,32,true,560.522,560.522,0.000000,false,false,0.000000,1,0,19,19,79,BORROW_FROM_BUFFER,,652,1170920378,55544617,84.82
1786506148,stage1,1856,2048,512,896,2,894,50,2,0,2,0,16,recovery_cooldown,29,0,0,1,0,2,32,true,563.489,563.489,0.000000,false,false,0.000000,1,0,19,19,79,BORROW_FROM_BUFFER,,629,1170928341,55545975,85.43
1786506149,stage1,1856,2048,512,896,2,894,50,2,0,2,0,16,recovery_cooldown,29,0,0,1,0,2,32,true,563.810,563.810,0.000000,false,false,0.000000,1,0,19,19,79,BORROW_FROM_BUFFER,,606,1170936115,55547284,85.59
1786506150,stage1,1856,2048,512,896,2,894,50,2,0,2,0,16,recovery_cooldown,29,0,0,1,0,2,32,true,566.890,566.890,0.000000,false,false,0.000000,1,0,19,19,79,BORROW_FROM_BUFFER,,537,1170942877,55548494,84.82
1786506152,stage1,1856,2048,512,896,2,894,50,2,0,2,0,16,recovery_cooldown,29,0,0,1,0,2,32,true,566.890,566.262,0.001107,false,false,0.000000,1,0,19,19,79,BORROW_FROM_BUFFER,,522,1170949389,55549685,84.54
1786506153,stage1,1856,2048,512,896,2,894,50,2,0,2,0,16,recovery_cooldown,29,0,0,1,0,2,32,true,569.504,569.504,0.000000,false,false,0.000000,1,0,19,19,79,BORROW_FROM_BUFFER,,612,1170957240,55551025,85.42
1786506154,stage1,1856,2048,512,896,2,894,50,2,0,2,0,16,recovery_cooldown,29,0,0,1,0,2,32,true,572.537,572.537,0.000000,false,false,0.000000,1,0,19,19,79,BORROW_FROM_BUFFER,,612,1170964933,55552444,84.43
1786506155,stage1,1856,2048,512,896,2,894,50,2,0,2,0,16,recovery_cooldown,29,0,0,1,0,2,32,true,573.164,573.164,0.000000,false,false,0.000000,1,0,19,19,79,BORROW_FROM_BUFFER,,557,1170971884,55553726,84.43
1786506156,stage1,1856,2048,512,896,2,894,50,2,0,2,0,16,recovery_cooldown,29,0,0,1,0,2,32,true,578.145,578.145,0.000000,false,false,0.000000,1,0,19,19,79,BORROW_FROM_BUFFER,,622,1170979781,55555105,85.13
1786506157,stage1,1856,2048,512,896,2,894,50,2,0,2,0,16,recovery_cooldown,29,0,0,1,0,2,32,true,578.878,578.878,0.000000,false,false,0.000000,1,0,19,19,79,BORROW_FROM_BUFFER,,865,1170990561,55557119,84.26
1786506158,stage1,1856,2048,512,896,2,894,50,2,0,2,0,16,recovery_cooldown,29,0,0,1,0,2,32,true,579.575,579.575,0.000000,false,false,0.000000,1,0,19,19,79,BORROW_FROM_BUFFER,,307,1170994545,55557783,85.71
1786506159,stage1,1920,2048,512,832,2,830,52,2,0,2,0,16,recovery_cooldown,30,0,0,0,0,2,32,true,579.575,574.815,0.008214,false,false,0.000000,4,4096,20,20,80,TP_RECOVERY,,587,1171001837,55559105,84.65
1786506160,stage1,1920,2048,512,832,2,830,54,2,0,2,0,17,recovery_cooldown,30,0,0,0,0,2,32,true,579.575,575.993,0.006181,false,false,0.000000,4,4096,21,21,81,AP_SHRINK,,952,1171013783,55561299,84.48
1786506161,stage1,1856,2048,512,896,2,894,54,2,0,2,0,17,recovery_cooldown,29,0,0,1,0,2,32,true,580.222,580.222,0.000000,false,false,0.000000,1,0,21,21,82,BORROW_FROM_BUFFER,,632,1171021828,55562747,84.75
1786506162,stage1,1856,2048,512,896,2,894,54,2,0,2,0,17,recovery_cooldown,29,0,0,1,0,2,32,true,580.547,580.547,0.000000,false,false,0.000000,1,0,21,21,82,BORROW_FROM_BUFFER,,610,1171029410,55564135,84.53
1786506163,stage1,1856,2048,512,896,2,894,54,2,0,2,0,17,recovery_cooldown,29,0,0,1,0,2,32,true,583.302,583.302,0.000000,false,false,0.000000,1,0,21,21,82,BORROW_FROM_BUFFER,,665,1171037955,55565739,84.20
1786506165,stage1,1856,2048,512,896,2,894,54,2,0,2,0,17,recovery_cooldown,29,0,0,1,0,2,32,true,586.477,586.477,0.000000,false,false,0.000000,1,0,21,21,82,BORROW_FROM_BUFFER,,644,1171046288,55567232,84.81
1786506166,stage1,1856,2048,512,896,2,894,54,2,0,2,0,17,recovery_cooldown,29,0,0,1,0,2,32,true,589.119,589.119,0.000000,false,false,0.000000,1,0,21,21,82,BORROW_FROM_BUFFER,,594,1171053671,55568674,83.66
1786506167,stage1,1856,2048,512,896,2,894,54,2,0,2,0,17,recovery_cooldown,29,0,0,1,0,2,32,true,591.895,591.895,0.000000,false,false,0.000000,1,0,21,21,82,BORROW_FROM_BUFFER,,593,1171061161,55570060,84.38
1786506168,stage1,1920,2048,512,832,2,830,56,2,0,2,0,17,recovery_cooldown,30,0,0,0,0,2,32,true,591.895,588.022,0.006543,false,false,0.000000,4,4096,22,22,83,TP_RECOVERY,,534,1171068128,55571309,84.80
1786506169,stage1,1920,2048,512,832,2,830,58,2,0,2,0,18,recovery_cooldown,30,0,0,0,0,2,32,true,591.895,586.854,0.008518,false,false,0.000000,4,4096,23,23,84,AP_SHRINK,,578,1171075288,55572748,83.27
1786506170,stage1,1920,2048,512,832,2,830,60,2,0,2,0,19,recovery_cooldown,30,0,0,0,0,2,32,true,591.895,587.199,0.007935,false,false,0.000000,4,4096,24,24,85,TP_RECOVERY,,628,1171083222,55574226,84.30
1786506171,stage1,1920,2048,512,832,2,830,62,2,0,2,0,19,recovery_cooldown,30,0,0,0,0,2,32,true,591.895,585.033,0.011593,false,false,0.000000,4,4096,25,25,87,TP_RECOVERY,,960,1171095528,55576443,84.73
1786506172,stage1,1920,2048,512,832,2,830,64,2,0,2,0,20,recovery_cooldown,30,0,0,0,0,2,32,true,591.895,587.188,0.007953,false,false,0.000000,4,4096,26,26,88,AP_SHRINK,,599,1171103169,55577809,84.83
1786506173,stage1,1920,2048,512,832,2,830,68,2,1,2,0,22,capacity,30,0,0,0,0,2,32,true,591.895,585.818,0.010267,false,false,0.000000,4,4096,28,28,91,TP_RECOVERY,,3529,1171148219,55585848,84.86
1786506179,stage1,1920,2048,512,832,2,830,80,2,0,2,2,23,capacity,30,0,0,0,0,2,32,true,591.895,580.521,0.019216,false,false,0.000000,4,4096,34,34,98,TP_RECOVERY,,3314,1171190649,55593224,85.19
1786506186,stage1,1920,2048,512,832,2,830,92,2,1,2,3,25,capacity,30,0,0,0,0,2,32,true,591.895,573.215,0.031561,false,false,0.000000,4,4096,40,40,106,TP_RECOVERY,,3427,1171234484,55601141,84.70
1786506192,stage1,1920,2048,512,832,2,830,104,2,1,2,5,27,capacity,30,0,0,0,0,2,32,true,591.895,574.418,0.029528,false,false,0.000000,4,4096,46,46,114,TP_RECOVERY,,3423,1171278480,55609027,84.80
1786506198,stage1,1920,2048,512,832,2,830,116,2,1,2,7,29,capacity,30,0,0,0,0,2,32,true,591.895,569.834,0.037272,false,false,0.000000,0,0,52,52,122,BORROW_FROM_BUFFER,,3422,1171322430,55616717,85.11
1786506204,stage1,1920,2048,512,832,2,830,128,2,0,2,9,30,capacity,30,0,0,0,0,2,32,true,591.895,564.195,0.046798,false,false,0.000000,4,4096,58,58,129,TP_RECOVERY,,3609,1171368893,55624796,85.19
1786506210,stage1,1920,2048,512,832,2,830,140,2,1,2,10,32,capacity,30,0,0,0,0,2,32,true,591.895,566.225,0.043370,false,false,0.000000,4,4096,64,64,137,TP_RECOVERY,,3997,1171420826,55633611,85.49
1786506216,stage1,1920,2048,512,832,2,830,152,2,1,2,12,34,capacity,30,0,0,0,0,2,32,true,591.895,583.183,0.014719,false,false,0.000000,4,4096,70,70,145,TP_RECOVERY,,3739,1171469608,55641531,86.03
1786506222,stage1,1920,2048,512,832,2,830,160,2,1,2,14,36,capacity,30,0,0,0,0,2,32,true,599.191,599.191,0.000000,false,false,0.000000,0,0,74,74,151,BORROW_FROM_BUFFER,,4088,1171522955,55650234,85.97
1786506229,stage1,1920,2048,512,832,2,830,160,2,0,2,16,37,capacity,30,0,0,0,0,2,32,true,620.743,620.743,0.000000,false,false,0.000000,0,0,74,74,152,BORROW_FROM_BUFFER,,2388,1171567312,55659622,82.53
1786506232,stage1,1920,2048,512,832,0,832,160,0,0,4,16,39,capacity,30,0,0,2,0,0,32,true,633.939,633.939,0.000000,false,false,387.827767,1,0,74,74,154,BORROW_FROM_BUFFER,,1006,1171580725,55661789,86.09
1786506233,stage1,1920,2048,512,832,0,832,160,0,0,4,16,39,capacity,30,0,0,2,0,0,32,true,638.115,638.115,0.000000,false,false,0.000000,1,0,74,74,154,BORROW_FROM_BUFFER,,688,1171589356,55663222,85.76
1786506234,stage1,1920,2048,512,832,0,832,160,0,0,4,16,39,capacity,30,0,0,2,0,0,32,true,640.455,640.455,0.000000,false,false,0.000000,1,0,74,74,154,BORROW_FROM_BUFFER,,649,1171597793,55664555,86.36
1786506235,stage2,1920,2048,512,832,12,820,160,2,3,4,16,42,capacity,30,0,0,0,0,2,32,true,640.740,640.740,0.000000,false,false,0.000000,0,0,74,74,157,BORROW_FROM_BUFFER,,2929,1171634408,55671482,84.09
1786506241,stage2,1920,2048,512,832,12,820,220,2,1,4,20,44,capacity,30,0,0,0,0,2,32,true,640.740,628.814,0.018613,false,false,0.000000,6,6144,79,79,164,TP_RECOVERY,,3373,1171677249,55679183,84.76
1786506247,stage2,1920,2048,512,832,12,820,292,2,1,4,22,46,capacity,30,0,0,0,0,2,32,true,640.740,617.931,0.035598,false,false,0.000000,6,6144,85,85,172,TP_RECOVERY,,3962,1171726923,55688098,84.78
1786506254,stage2,1920,2048,512,832,12,820,376,2,1,4,24,48,capacity,30,0,0,0,0,2,32,true,640.740,604.634,0.056351,false,false,0.000000,6,6144,92,92,181,TP_RECOVERY,,3953,1171777761,55697037,85.05
1786506260,stage2,1920,2048,512,832,12,820,448,2,0,4,26,49,capacity,30,0,0,0,0,2,32,true,640.740,598.016,0.066680,false,false,0.000000,6,6144,98,98,188,TP_RECOVERY,,2777,1171813383,55703116,85.42
1786506266,stage2,1920,2048,512,832,12,820,520,2,1,4,27,51,capacity,30,0,0,0,0,2,32,true,640.740,554.421,0.134719,false,false,0.000000,6,6144,104,104,196,TP_RECOVERY,,3551,1171859275,55710864,85.56
1786506272,stage2,1920,2048,512,832,12,820,592,2,1,4,29,53,capacity,30,0,0,0,0,2,32,true,640.740,574.879,0.102789,false,false,0.000000,6,6144,110,110,204,TP_RECOVERY,,3683,1171906765,55718839,85.62
1786506278,stage2,1920,2048,512,832,12,820,664,2,1,4,31,55,capacity,30,0,0,0,0,2,32,true,640.740,586.542,0.084587,false,false,0.000000,6,6144,116,116,212,TP_RECOVERY,,4564,1171965807,55728582,85.84
1786506284,stage2,1920,2048,512,832,12,820,736,2,0,4,33,56,capacity,30,0,0,0,0,2,32,true,640.740,597.668,0.067223,false,false,0.000000,6,6144,122,122,219,TP_RECOVERY,,4141,1172019737,55737349,86.02
1786506291,stage2,1920,2048,512,832,12,820,808,2,1,4,34,58,capacity,30,0,0,0,0,2,32,true,640.740,611.317,0.045921,false,false,0.000000,6,6144,128,128,227,TP_RECOVERY,,4231,1172074689,55746462,85.78
1786506297,stage2,1920,2048,512,832,12,820,844,2,1,4,36,60,capacity,30,0,0,0,0,2,32,true,667.859,665.694,0.003242,false,false,0.000000,0,0,131,131,232,BORROW_FROM_BUFFER,,4306,1172130264,55755826,85.58
1786506303,stage2,1920,2048,512,832,12,820,844,2,1,4,38,62,capacity,30,0,0,0,0,2,32,true,687.328,687.328,0.000000,false,false,0.000000,0,0,131,131,234,BORROW_FROM_BUFFER,,4051,1172183145,55764550,85.84
1786506309,stage2,1920,2048,512,832,12,820,844,2,0,4,40,63,capacity,30,0,0,0,0,2,32,true,693.236,690.635,0.003751,false,false,0.000000,0,0,131,131,235,BORROW_FROM_BUFFER,,4183,1172237281,55773718,85.52
1786506315,stage2,1920,2048,512,832,12,820,916,2,0,4,42,65,capacity,30,0,0,0,0,2,32,true,693.236,685.145,0.011670,false,false,0.000000,0,6144,137,137,243,TP_RECOVERY,,4277,1172292759,55783245,85.34
1786506321,stage2,1920,2048,512,832,12,820,988,2,1,4,43,67,capacity,30,0,0,0,0,2,32,true,693.236,687.301,0.008560,false,false,0.000000,6,6144,143,143,251,TP_RECOVERY,,4011,1172344999,55792212,85.35
1786506327,stage2,1920,2048,512,832,12,820,1060,2,1,4,45,69,capacity,30,0,0,0,0,2,32,true,693.236,678.311,0.021529,false,false,0.000000,6,6144,149,149,259,TP_RECOVERY,,3939,1172396351,55801199,85.11
1786506333,stage2,1920,2048,512,832,12,820,1132,2,0,4,47,70,capacity,30,0,0,0,0,2,32,true,693.236,666.741,0.038219,false,false,0.000000,6,6144,155,155,266,TP_RECOVERY,,3989,1172448249,55810499,84.80
1786506340,stage2,1920,2048,512,832,12,820,1204,2,0,4,49,72,capacity,30,0,0,0,0,2,32,true,693.236,664.119,0.042001,false,false,0.000000,0,6144,161,161,274,TP_RECOVERY,,4489,1172506925,55820925,84.91
1786506346,stage2,1920,2048,512,832,12,820,1288,2,1,4,50,74,capacity,30,0,0,0,0,2,32,true,693.236,680.384,0.018538,false,false,0.000000,6,6144,168,168,283,TP_RECOVERY,,4053,1172560319,55830351,85.00
1786506352,stage2,1920,2048,512,832,12,820,1360,2,1,4,52,76,capacity,30,0,0,0,0,2,32,true,693.236,667.704,0.036830,false,false,0.000000,6,6144,174,174,291,TP_RECOVERY,,1683,1172625955,55859455,69.28
1786506355,stage2,1920,2048,512,832,0,832,1372,0,0,6,52,77,capacity,30,0,0,2,0,0,32,true,693.236,665.294,0.040306,false,false,785.702394,1,0,175,175,293,TP_RECOVERY,,853,1172637144,55861446,84.89
1786506356,stage2,1920,2048,512,832,0,832,1372,0,0,6,52,77,capacity,30,0,0,2,0,0,32,true,693.236,669.603,0.034091,false,false,0.000000,1,0,175,175,293,TP_RECOVERY,,732,1172646579,55863083,85.21
1786506357,stage3,1920,2048,512,832,12,820,1384,2,6,6,52,83,capacity,30,0,0,0,0,2,32,true,693.236,670.534,0.032747,false,false,0.000000,6,6144,176,176,300,TP_RECOVERY,,3886,1172799806,55872288,94.33
1786506363,stage3,1920,2048,512,832,12,820,1456,2,1,6,59,85,capacity,30,0,0,0,0,2,32,true,693.236,665.372,0.040193,false,false,0.000000,6,6144,182,182,308,TP_RECOVERY,,4204,1172853815,55881811,85.01
1786506369,stage3,1920,2048,512,832,12,820,1528,2,1,6,61,87,capacity,30,0,0,0,0,2,32,true,693.236,681.195,0.017369,false,false,0.000000,6,6144,188,188,316,TP_RECOVERY,,4077,1172906843,55890908,85.36
1786506375,stage3,1920,2048,512,832,12,820,1600,2,0,6,63,88,capacity,30,0,0,0,0,2,32,true,693.236,663.978,0.042205,false,false,0.000000,6,6144,194,194,323,TP_RECOVERY,,4258,1172961359,55900570,84.94
1786506381,stage3,1920,2048,512,832,12,820,1672,2,0,6,65,90,capacity,30,0,0,0,0,2,32,true,693.236,669.380,0.034412,false,false,0.000000,6,6144,200,200,331,TP_RECOVERY,,3950,1173012182,55909756,84.69
1786506388,stage3,1920,2048,512,832,12,820,1744,2,1,6,66,92,capacity,30,0,0,0,0,2,32,true,693.236,667.600,0.036980,false,false,0.000000,6,6144,206,206,339,TP_RECOVERY,,3873,1173062364,55918240,85.54
1786506394,stage3,1920,2048,512,832,12,820,1816,2,1,6,68,94,capacity,30,0,0,0,0,2,32,true,693.236,665.622,0.039833,false,false,0.000000,6,6144,212,212,347,TP_RECOVERY,,4065,1173115496,55927014,85.83
1786506400,stage3,1920,2048,512,832,12,820,1900,2,0,6,70,95,capacity,30,0,0,0,0,2,32,true,693.236,646.747,0.067060,false,false,0.000000,6,6144,219,219,355,TP_RECOVERY,,3498,1173161517,55934462,86.07
1786506406,stage3,1920,2048,512,832,12,820,1972,2,0,6,72,97,capacity,30,0,0,0,0,2,32,true,693.236,647.877,0.065430,false,false,0.000000,6,6144,225,225,363,TP_RECOVERY,,4181,1173217019,55943282,86.29
1786506412,stage3,1920,2048,512,832,12,820,2044,2,1,6,73,99,capacity,30,0,0,0,0,2,32,true,693.236,636.197,0.082279,false,false,0.000000,6,6144,231,231,371,TP_RECOVERY,,3730,1173266661,55951304,86.09
1786506418,stage3,1920,2048,512,832,12,820,2116,2,1,6,75,101,capacity,30,0,0,0,0,2,32,true,693.236,638.670,0.078712,false,false,0.000000,6,6144,237,237,379,TP_RECOVERY,,4302,1173323084,55960520,85.96
1786506424,stage3,1920,2048,512,832,12,820,2188,2,1,6,77,103,capacity,30,0,0,0,0,2,32,true,693.236,660.651,0.047004,false,false,0.000000,0,0,243,243,387,BORROW_FROM_BUFFER,,4628,1173384304,55970414,86.09
1786506431,stage3,1920,2048,512,832,12,820,2260,2,0,6,79,104,capacity,30,0,0,0,0,2,32,true,693.236,670.951,0.032145,false,false,0.000000,6,6144,249,249,394,TP_RECOVERY,,4202,1173439726,55979399,86.05
1786506437,stage3,1920,2048,512,832,12,820,2320,2,1,6,80,106,capacity,30,0,0,0,0,2,32,true,693.236,680.398,0.018518,false,false,0.000000,6,6144,254,254,401,TP_RECOVERY,,3954,1173492255,55987778,86.24
1786506443,stage3,1920,2048,512,832,12,820,2392,2,1,6,82,108,capacity,30,0,0,0,0,2,32,true,693.236,682.642,0.015281,false,false,0.000000,6,6144,260,260,409,TP_RECOVERY,,3771,1173542297,55995759,86.25
1786506449,stage3,1920,2048,512,832,12,820,2452,2,1,6,84,110,capacity,30,0,0,0,0,2,32,true,693.236,683.310,0.014318,false,false,0.000000,0,0,265,265,416,BORROW_FROM_BUFFER,,3204,1173584982,56002594,86.20
1786506455,stage3,1920,2048,512,832,12,820,2536,2,0,6,86,111,capacity,30,0,0,0,0,2,32,true,693.236,633.762,0.085792,false,false,0.000000,6,6144,272,272,424,TP_RECOVERY,,3239,1173627859,56009508,86.11
1786506461,stage3,1920,2048,512,832,12,820,2608,2,1,6,87,113,capacity,30,0,0,0,0,2,32,true,693.236,596.545,0.139477,false,false,0.000000,6,6144,278,278,432,TP_RECOVERY,,3437,1173673337,56017008,85.84
1786506468,stage3,1920,2048,512,832,12,820,2680,2,1,6,89,115,capacity,30,0,0,0,0,2,32,true,693.236,572.076,0.174773,false,false,0.000000,6,6144,284,284,440,TP_RECOVERY,,3259,1173716659,56024080,85.97
1786506474,stage3,1920,2048,512,832,12,820,2752,2,1,6,91,117,capacity,30,0,0,0,0,2,32,true,693.236,547.096,0.210809,false,false,0.000000,6,6144,290,290,448,TP_RECOVERY,,1511,1173791565,56041531,81.10
1786506477,stage3,1920,2048,512,832,0,832,2776,0,0,8,91,118,capacity,30,0,0,2,0,0,32,true,693.236,528.339,0.237866,false,false,784.642878,1,0,292,292,451,TP_RECOVERY,,612,1173799722,56042863,85.96
1786506478,stage3,1920,2048,512,832,0,832,2776,0,0,8,91,118,capacity,30,0,0,2,0,0,32,true,693.236,525.253,0.242317,false,false,0.000000,1,0,292,292,451,TP_RECOVERY,,537,1173806785,56044026,85.86
1786506479,stage4,1920,2048,512,832,12,820,2776,2,8,8,91,126,capacity,30,0,0,0,0,2,32,true,693.236,525.938,0.241329,false,false,0.000000,0,0,292,292,459,BORROW_FROM_BUFFER,,3297,1174056670,56051340,97.16
1786506485,stage4,1920,2048,512,832,12,820,2848,2,1,8,100,128,capacity,30,0,0,0,0,2,32,true,693.236,520.721,0.248854,false,false,0.000000,6,6144,298,298,467,TP_RECOVERY,,567,1174063918,56052530,85.90
1786506491,stage4,1920,2048,512,832,12,820,2896,2,0,8,103,130,resize_cooldown,30,0,0,0,0,2,32,true,693.236,476.560,0.312556,true,false,0.000000,6,6144,302,302,475,TP_RECOVERY,,349,1174068552,56053288,85.94
1786506492,stage4,1920,2048,512,832,12,820,2908,2,0,8,103,131,resize_cooldown,30,0,0,0,0,2,32,true,693.236,474.601,0.315383,true,false,0.000000,6,6144,303,303,477,TP_RECOVERY,,476,1174074688,56054329,85.50
1786506493,stage4,1920,2048,512,832,12,820,2920,2,0,8,103,133,resize_cooldown,30,0,0,0,0,2,32,true,693.236,462.622,0.332662,true,false,0.000000,0,6144,304,304,479,TP_RECOVERY,,328,1174079088,56054993,86.89
1786506495,stage4,1920,2048,512,832,12,820,2932,2,0,8,103,134,resize_cooldown,30,0,0,0,0,2,32,true,693.236,455.511,0.342920,true,false,0.000000,6,6144,305,305,481,TP_RECOVERY,,721,1174088348,56056551,85.60
1786506496,stage4,1920,2048,512,832,12,820,2944,2,0,8,103,135,resize_cooldown,30,0,0,0,0,2,32,true,693.236,458.610,0.338450,true,false,0.000000,6,6144,306,306,483,TP_RECOVERY,,618,1174096236,56057929,85.13
1786506497,stage4,1920,2048,512,832,12,820,2956,2,0,8,103,137,resize_cooldown,30,0,0,0,0,2,32,true,693.236,463.655,0.331172,true,false,0.000000,0,6144,307,307,485,TP_RECOVERY,,716,1174105636,56059443,86.13
1786506498,stage4,1920,2048,512,832,12,820,2968,2,0,8,103,138,resize_cooldown,30,0,0,0,0,2,32,true,693.236,468.115,0.324740,true,false,0.000000,6,6144,308,308,487,TP_RECOVERY,,707,1174114749,56060971,85.64
1786506499,stage4,1920,2048,512,832,12,820,2980,2,0,8,103,139,resize_cooldown,30,0,0,0,0,2,32,true,693.236,473.276,0.317294,true,false,0.000000,6,6144,309,309,489,TP_RECOVERY,,690,1174123711,56062402,86.23
1786506500,stage4,1920,2048,512,832,12,820,2992,2,0,8,103,141,resize_cooldown,30,0,0,0,0,2,32,true,693.236,475.303,0.314371,true,false,0.000000,0,6144,310,310,491,TP_RECOVERY,,495,1174130348,56063433,86.55
1786506501,stage4,1920,2048,512,832,12,820,3004,2,0,8,103,142,resize_cooldown,30,0,0,0,0,2,32,true,693.236,474.591,0.315398,true,false,0.000000,6,6144,311,311,493,TP_RECOVERY,,776,1174140460,56065120,85.70
1786506502,stage4,1920,2048,512,832,12,820,3028,2,0,8,103,143,resize_cooldown,30,0,0,0,0,2,32,true,693.236,489.885,0.293336,false,false,0.000000,6,6144,313,313,496,AP_SHRINK,,737,1174150046,56066760,85.39
1786506503,stage4,1920,2048,512,832,12,820,3040,2,0,8,103,145,resize_cooldown,30,0,0,0,0,2,32,true,693.236,499.381,0.279637,false,false,0.000000,6,6144,314,314,497,TP_RECOVERY,,3980,1174202264,56075430,85.76
1786506509,stage4,1920,2048,512,832,12,820,3112,2,1,8,104,147,capacity,30,0,0,0,0,2,32,true,693.236,523.022,0.245535,false,false,0.000000,6,6144,320,320,505,TP_RECOVERY,,4168,1174256859,56084731,85.44
1786506515,stage4,1920,2048,512,832,12,820,3184,2,1,8,106,149,capacity,30,0,0,0,0,2,32,true,693.236,557.682,0.195538,false,false,0.000000,6,6144,326,326,513,TP_RECOVERY,,3928,1174308457,56093410,85.60
1786506522,stage4,1920,2048,512,832,12,820,3232,2,0,8,108,150,capacity,30,0,0,0,0,2,32,true,693.236,624.517,0.099128,false,false,0.000000,6,6144,330,330,518,TP_RECOVERY,,4034,1174361328,56102335,85.56
1786506528,stage4,1920,2048,512,832,12,820,3304,2,0,8,110,152,capacity,30,0,0,0,0,2,32,true,693.236,655.797,0.054006,false,false,0.000000,6,6144,336,336,526,TP_RECOVERY,,3659,1174409205,56110401,85.58
1786506534,stage4,1920,2048,512,832,12,820,3376,2,1,8,111,154,capacity,30,0,0,0,0,2,32,true,693.236,635.024,0.083972,false,false,0.000000,6,6144,342,342,534,TP_RECOVERY,,2931,1174447804,56116888,85.61
1786506540,stage4,1920,2048,512,832,12,820,3448,2,1,8,113,156,capacity,30,0,0,0,0,2,32,true,693.236,605.288,0.126865,false,false,0.000000,6,6144,348,348,542,TP_RECOVERY,,2146,1174476142,56121625,85.68
1786506546,stage4,1920,2048,512,832,12,820,3532,2,1,8,115,158,capacity,30,0,0,0,0,2,32,true,693.236,529.558,0.236106,false,false,0.000000,6,6144,355,355,551,TP_RECOVERY,,2189,1174504823,56126612,85.19
1786506552,stage4,1920,2048,512,832,12,820,3592,2,0,8,117,159,capacity,30,0,0,0,0,2,32,true,693.236,495.775,0.284840,false,false,0.000000,6,6144,360,360,557,TP_RECOVERY,,2093,1174532249,56131275,85.47
1786506556,stage4,1920,2048,512,832,12,820,3640,2,0,8,119,161,resize_cooldown,30,0,0,0,0,2,32,true,693.236,485.589,0.299533,false,false,0.000000,6,6144,364,364,564,AP_SHRINK,,655,1174541017,56132701,86.01
1786506557,stage4,1920,2048,512,832,12,820,3652,2,0,8,119,162,resize_cooldown,30,0,0,0,0,2,32,true,693.236,485.986,0.298960,false,false,0.000000,6,6144,365,365,565,TP_RECOVERY,,4140,1174595424,56141952,85.47
1786506563,stage4,1920,2048,512,832,12,820,3724,2,0,8,121,164,capacity,30,0,0,0,0,2,32,true,693.236,503.768,0.273309,false,false,0.000000,0,6144,371,371,573,TP_RECOVERY,,2787,1174632175,56148098,85.67
1786506569,stage4,1920,2048,512,832,12,820,3784,2,1,8,122,166,capacity,30,0,0,0,0,2,32,true,693.236,525.216,0.242370,false,false,0.000000,6,6144,376,376,580,TP_RECOVERY,,4478,1174691393,56158066,85.59
1786506575,stage4,1920,2048,512,832,12,820,3856,2,1,8,124,168,capacity,30,0,0,0,0,2,32,true,693.236,567.116,0.181929,false,false,0.000000,6,6144,382,382,588,TP_RECOVERY,,2496,1174724436,56163562,85.74
1786506582,stage4,1920,2048,512,832,12,820,3916,2,0,8,126,169,capacity,30,0,0,0,0,2,32,true,693.236,588.204,0.151509,false,false,0.000000,6,6144,387,387,594,TP_RECOVERY,,2765,1174761046,56169699,85.64
1786506588,stage4,1920,2048,512,832,12,820,3988,2,0,8,128,171,capacity,30,0,0,0,0,2,32,true,693.236,550.445,0.205977,false,false,0.000000,0,6144,393,393,602,TP_RECOVERY,,2919,1174800753,56176179,85.97
1786506594,stage4,1920,2048,512,832,12,820,4060,2,1,8,129,173,capacity,30,0,0,0,0,2,32,true,693.236,511.114,0.262713,false,false,0.000000,6,6144,399,399,610,TP_RECOVERY,,3261,1174941825,56187719,92.44
1786506599,stage4,1920,2048,512,832,0,832,4096,0,0,9,130,174,capacity,30,0,0,2,0,0,32,true,693.236,546.711,0.211363,false,false,784.674616,1,0,402,402,614,TP_RECOVERY,,661,1174950690,56189166,85.97
1786506600,stage4,1920,2048,512,832,0,832,4096,0,0,9,130,174,capacity,30,0,0,2,0,0,32,true,693.236,541.983,0.218183,false,false,0.000000,1,0,402,402,614,TP_RECOVERY,,995,1174964086,56191224,86.68
1786506601,stage4,1920,2048,512,832,0,832,4096,0,0,9,130,174,capacity,30,0,0,2,0,0,32,true,693.236,543.535,0.215945,false,false,0.000000,1,0,402,402,614,TP_RECOVERY,,784,1174974484,56192916,86.00
1786506602,stage4,1920,2048,512,832,0,832,4096,0,0,9,130,174,capacity,30,0,0,2,0,0,32,true,693.236,545.868,0.212579,false,false,0.000000,1,0,402,402,614,TP_RECOVERY,,796,1174985212,56194629,86.23
1786506603,stage4,1920,2048,512,832,0,832,4096,0,0,9,130,174,capacity,30,0,0,2,0,0,32,true,693.236,545.141,0.213628,false,false,0.000000,1,0,402,402,614,TP_RECOVERY,,748,1175270424,56196078,99.49
1786506604,stage4,1920,2048,512,832,0,832,4096,0,0,9,130,174,capacity,30,0,0,2,0,0,32,true,693.236,548.265,0.209122,false,false,0.000000,1,0,402,402,614,TP_RECOVERY,,734,1175280143,56197629,86.24
1786506605,stage4,1920,2048,512,832,0,832,4096,0,0,9,130,174,capacity,30,0,0,2,0,0,32,true,693.236,551.861,0.203934,false,false,0.000000,1,0,402,402,614,TP_RECOVERY,,773,1175290367,56199224,86.50
1786506606,stage4,1920,2048,512,832,0,832,4096,0,0,9,130,174,capacity,30,0,0,2,0,0,32,true,693.236,565.618,0.184090,false,false,0.000000,1,0,402,402,614,TP_RECOVERY,,758,1175300322,56200701,87.08
1786506607,stage4,1920,2048,512,832,0,832,4096,0,0,9,130,174,capacity,30,0,0,2,0,0,32,true,693.236,575.749,0.169475,false,false,0.000000,1,0,402,402,614,TP_RECOVERY,,599,1175308168,56201898,86.76
1786506608,stage4,1920,2048,512,832,0,832,4096,0,0,9,130,174,capacity,30,0,0,2,0,0,32,true,693.236,575.749,0.169475,false,false,0.000000,1,0,402,402,614,TP_RECOVERY,,37,1175308713,56201929,94.62
1786506609,stage4,1920,2048,512,832,0,832,4096,0,0,9,130,174,capacity,30,0,0,2,0,0,32,true,693.236,591.381,0.146927,false,false,0.000000,1,0,402,402,614,TP_RECOVERY,,126,1175310276,56202161,87.08
1786506610,stage4,1920,2048,512,832,0,832,4096,0,0,9,130,174,capacity,30,0,0,2,0,0,32,true,693.236,588.046,0.151737,false,false,0.000000,1,0,402,402,614,TP_RECOVERY,,648,1175318787,56203505,86.36
1786506611,stage4,1920,2048,512,832,0,832,4096,0,0,9,130,174,capacity,30,0,0,2,0,0,32,true,693.236,594.394,0.142581,false,false,0.000000,1,0,402,402,614,TP_RECOVERY,,762,1175328847,56205064,86.58
1786506612,stage4,1920,2048,512,832,0,832,4096,0,0,9,130,174,capacity,30,0,0,2,0,0,32,true,693.236,600.655,0.000000,false,false,0.000000,1,0,402,402,614,TP_RECOVERY,,754,1175338739,56206657,86.13
1786506613,stage4,1920,2048,512,832,0,832,4096,0,0,9,130,174,capacity,30,0,0,2,0,0,32,true,693.236,606.096,0.125700,false,false,0.000000,1,0,402,402,614,TP_RECOVERY,,749,1175348540,56208178,86.57
1786506615,stage4,1920,2048,512,832,0,832,4096,0,0,9,130,174,capacity,30,0,0,2,0,0,32,true,693.236,616.567,0.110596,false,false,0.000000,1,0,402,402,614,TP_RECOVERY,,751,1175358432,56209742,86.35
1786506616,stage4,1920,2048,512,832,0,832,4096,0,0,9,130,174,capacity,30,0,0,2,0,0,32,true,693.236,627.313,0.095094,false,false,0.000000,1,0,402,402,614,TP_RECOVERY,,773,1175368417,56211340,86.20
1786506617,stage4,1920,2048,512,832,0,832,4096,0,0,9,130,174,capacity,30,0,0,2,0,0,32,true,693.236,633.479,0.086200,false,false,0.000000,1,0,402,402,614,TP_RECOVERY,,794,1175378869,56212968,86.52
1786506618,stage4,1920,2048,512,832,0,832,4096,0,0,9,130,174,capacity,30,0,0,2,0,0,32,true,693.236,633.885,0.085614,false,false,0.000000,1,0,402,402,614,TP_RECOVERY,,689,1175388067,56214401,86.52
1786506619,stage4,1920,2048,512,832,0,832,4096,0,0,9,130,174,capacity,30,0,0,2,0,0,32,true,693.236,651.959,0.059542,false,false,0.000000,1,0,402,402,614,TP_RECOVERY,,642,1175396552,56215686,86.85
1786506620,stage4,1920,2048,512,832,0,832,4096,0,0,9,130,174,capacity,30,0,0,2,0,0,32,true,693.236,652.842,0.058269,false,false,0.000000,1,0,402,402,614,TP_RECOVERY,,700,1175405907,56217139,86.56
1786506621,stage4,1920,2048,512,832,0,832,4096,0,0,9,130,174,capacity,30,0,0,2,0,0,32,true,693.236,657.709,0.051247,false,false,0.000000,1,0,402,402,614,TP_RECOVERY,,761,1175416011,56218663,86.89
1786506622,stage5,1920,2048,512,832,12,820,4108,2,10,9,130,184,capacity,30,0,0,0,0,2,32,true,693.236,679.716,0.019503,false,false,0.000000,6,6144,403,403,625,TP_RECOVERY,,722,1175425382,56219910,88.26
1786506628,stage5,1920,2048,512,832,12,820,4180,2,1,9,142,187,capacity,30,0,0,0,0,2,32,true,693.236,531.719,0.232990,false,false,0.000000,6,6144,409,409,634,TP_RECOVERY,,26,1175425766,56219910,100.00
1786506632,stage5,1920,2048,512,832,12,820,4228,2,0,9,145,203,resize_cooldown,30,0,0,0,0,2,32,true,693.236,440.255,0.364927,true,false,0.000000,6,6144,413,413,642,TP_RECOVERY,,25,1175426238,56219917,98.54
1786506634,stage5,1920,2048,512,832,12,820,4240,2,0,9,145,204,resize_cooldown,30,0,0,0,0,2,32,true,693.236,416.641,0.398991,true,false,0.000000,6,6144,414,414,644,TP_RECOVERY,,18,1175426360,56219922,96.06
1786506635,stage5,1920,2048,512,832,12,820,4252,2,0,9,145,206,resize_cooldown,30,0,0,0,0,2,32,true,693.236,391.338,0.435490,true,false,0.000000,0,6144,415,415,646,TP_RECOVERY,,23,1175426727,56219931,97.61
1786506636,stage5,1920,2048,512,832,12,820,4264,2,0,9,145,207,resize_cooldown,30,0,0,0,0,2,32,true,693.236,366.704,0.471026,true,false,0.000000,6,6144,416,416,648,TP_RECOVERY,,18,1175426853,56219931,100.00
1786506637,stage5,1920,2048,512,832,12,820,4288,2,0,9,145,208,resize_cooldown,30,0,0,0,0,2,32,true,693.236,314.884,0.000000,false,false,0.000000,6,6144,418,418,651,AP_SHRINK,,25,1175427231,56219931,100.00
1786506638,stage5,1920,2048,512,832,12,820,4300,2,0,9,145,210,resize_cooldown,30,0,0,0,0,2,32,true,693.236,305.186,0.559766,true,false,0.000000,6,6144,419,419,653,TP_RECOVERY,,16,1175427356,56219931,100.00
1786506639,stage5,1920,2048,512,832,12,820,4312,2,0,9,145,211,resize_cooldown,30,0,0,0,0,2,32,true,693.236,302.537,0.563587,true,false,0.000000,6,6144,420,420,655,TP_RECOVERY,,18,1175427482,56219931,100.00
1786506640,stage5,1920,2048,512,832,12,820,4324,2,0,9,145,213,resize_cooldown,30,0,0,0,0,2,32,true,693.236,282.447,0.592568,true,false,0.000000,0,6144,421,421,657,TP_RECOVERY,,23,1175427856,56219933,99.47
1786506642,stage5,1920,2048,512,832,12,820,4324,2,0,9,145,214,resize_cooldown,30,0,0,0,0,2,32,true,693.236,282.447,0.592568,true,false,0.000000,0,6144,421,421,657,TP_RECOVERY,,18,1175427982,56219933,100.00
1786506643,stage5,1920,2048,512,832,12,820,4348,2,0,9,145,215,resize_cooldown,30,0,0,0,0,2,32,true,693.236,233.797,0.662745,true,false,0.000000,6,6144,423,423,661,TP_RECOVERY,,16,1175428107,56219933,100.00
1786506644,stage5,1920,2048,512,832,12,820,4360,2,0,9,145,217,resize_cooldown,30,0,0,0,0,2,32,true,693.236,209.381,0.697966,true,false,0.000000,6,6144,424,424,663,TP_RECOVERY,,17,1175428429,56219947,95.83
1786506645,stage5,1920,2048,512,832,12,820,4372,2,0,9,145,218,resize_cooldown,30,0,0,0,0,2,32,true,693.236,185.550,0.732342,true,false,0.000000,6,6144,425,425,665,TP_RECOVERY,,26,1175428600,56219947,100.00
1786506646,stage5,1920,2048,512,832,12,820,4384,2,0,9,145,219,resize_cooldown,30,0,0,0,0,2,32,true,693.236,160.475,0.768513,true,false,0.000000,6,6144,426,426,667,TP_RECOVERY,,31,1175514004,56531325,21.52
1786506647,stage5,1920,2048,512,832,12,820,4396,2,0,9,145,221,resize_cooldown,30,0,0,0,0,2,32,true,693.236,143.426,0.793107,true,false,0.000000,6,6144,427,427,669,TP_RECOVERY,,23,1175514366,56531339,96.28
1786506648,stage5,1920,2048,512,832,12,820,4408,2,0,9,145,222,resize_cooldown,30,0,0,0,0,2,32,true,693.236,123.163,0.822337,true,false,0.000000,6,6144,428,428,671,TP_RECOVERY,,18,1175514492,56531339,100.00
1786506649,stage5,1920,2048,512,832,12,820,4420,2,0,9,145,224,resize_cooldown,30,0,0,0,0,2,32,true,693.236,100.396,0.855178,true,false,0.000000,0,6144,429,429,673,TP_RECOVERY,,781,1175689508,56762624,43.08
1786506650,stage5,1920,2048,512,832,12,820,4432,2,0,9,145,225,resize_cooldown,30,0,0,0,0,2,32,true,693.236,100.824,0.854561,true,false,0.000000,6,6144,430,430,675,TP_RECOVERY,,1706,1175707268,56765356,86.67
1786506652,stage5,1920,2048,512,832,12,820,4444,2,0,9,145,226,resize_cooldown,30,0,0,0,0,2,32,true,693.236,181.719,0.737869,true,false,0.000000,6,6144,431,431,677,TP_RECOVERY,,3115,1175740005,56770152,87.22
1786506653,stage5,1920,2048,512,832,12,820,4456,2,0,9,145,228,resize_cooldown,30,0,0,0,0,2,32,true,693.236,270.301,0.610088,true,false,0.000000,0,6144,432,432,679,TP_RECOVERY,,3035,1175772104,56774898,87.12
1786506654,stage5,1920,2048,512,832,12,820,4468,2,0,9,145,229,resize_cooldown,30,0,0,0,0,2,32,true,693.236,352.550,0.491442,true,false,0.000000,6,6144,433,433,681,TP_RECOVERY,,2317,1175796620,56778392,87.53
1786506655,stage5,1920,2048,512,832,12,820,4480,2,0,9,145,230,resize_cooldown,30,0,0,0,0,2,32,true,693.236,458.066,0.339235,true,false,0.000000,6,6144,434,434,683,TP_RECOVERY,,3099,1175829431,56783074,87.51
1786506656,stage5,1920,2048,512,832,12,820,4492,2,0,9,145,232,resize_cooldown,30,0,0,0,0,2,32,true,693.236,550.909,0.205308,false,false,0.000000,0,6144,435,435,684,AP_SHRINK,,2696,1175858092,56787178,87.47
1786506657,stage5,1920,2048,512,832,12,820,4504,2,0,9,145,233,resize_cooldown,30,0,0,0,0,2,32,true,693.236,654.295,0.056172,false,false,0.000000,6,6144,436,436,685,TP_RECOVERY,,18543,1176056266,56814251,87.98
1786506663,stage5,1920,2048,512,832,12,820,4504,2,1,9,146,235,capacity,30,0,0,0,0,2,32,true,1237.414,1237.414,0.000000,false,false,0.000000,0,0,436,436,687,BORROW_FROM_BUFFER,,17279,1176244222,56838839,88.43
1786506669,stage5,1920,2048,512,832,12,820,4504,2,1,9,148,237,capacity,30,0,0,0,0,2,32,true,1803.098,1803.098,0.000000,false,false,0.000000,0,0,436,436,689,BORROW_FROM_BUFFER,,14727,1176406328,56859152,88.86
1786506675,stage5,1920,2048,512,832,12,820,4504,2,1,9,150,239,capacity,30,0,0,0,0,2,32,true,2226.654,2226.654,0.000000,false,false,0.000000,0,0,436,436,691,BORROW_FROM_BUFFER,,12000,1176540774,56875335,89.26
1786506681,stage5,1920,2048,512,832,12,820,4516,2,0,9,152,240,capacity,30,0,0,0,0,2,32,true,2589.921,2538.506,0.019852,false,false,0.000000,6,6144,437,437,693,TP_RECOVERY,,12079,1176676700,56891194,89.55
1786506688,stage5,1920,2048,512,832,12,820,4588,2,0,9,154,242,capacity,30,0,0,0,0,2,32,true,2589.921,2377.605,0.081978,false,false,0.000000,0,6144,443,443,701,TP_RECOVERY,,11994,1176813077,56906653,89.82
1786506694,stage5,1920,2048,512,832,12,820,4660,2,1,9,155,244,capacity,30,0,0,0,0,2,32,true,2589.921,2205.631,0.148379,false,false,0.000000,6,6144,449,449,709,TP_RECOVERY,,13040,1176962514,56923481,89.88
1786506700,stage5,1920,2048,512,832,12,820,4732,2,1,9,157,246,capacity,30,0,0,0,0,2,32,true,2589.921,2035.401,0.214107,false,false,0.000000,6,6144,455,455,717,TP_RECOVERY,,12927,1177110849,56940473,89.72
1786506706,stage5,1920,2048,512,832,12,820,4804,2,0,9,159,247,capacity,30,0,0,0,0,2,32,true,2589.921,2010.765,0.223619,false,false,0.000000,6,6144,461,461,724,TP_RECOVERY,,16192,1177297605,56962300,89.54
1786506712,stage5,1920,2048,512,832,12,820,4876,2,0,9,161,249,capacity,30,0,0,0,0,2,32,true,2589.921,2171.993,0.161367,false,false,0.000000,0,6144,467,467,732,TP_RECOVERY,,15989,1177484029,56984126,89.52
1786506718,stage5,1920,2048,512,832,12,820,4948,2,1,9,162,251,capacity,30,0,0,0,0,2,32,true,2589.921,2326.112,0.101860,false,false,0.000000,6,6144,473,473,740,TP_RECOVERY,,16572,1177678471,57007174,89.40
1786506724,stage5,1920,2048,512,832,12,820,5020,2,1,9,164,253,capacity,30,0,0,0,0,2,32,true,2589.921,2445.824,0.055638,false,false,0.000000,6,6144,479,479,748,TP_RECOVERY,,13034,1177833776,57025349,89.52
1786506731,stage5,1920,2048,512,832,12,820,5080,2,0,9,166,254,capacity,30,0,0,0,0,2,32,true,2589.921,2525.623,0.024826,false,false,0.000000,6,6144,484,484,754,TP_RECOVERY,,13317,1177992246,57043958,89.49
1786506737,stage5,1920,2048,512,832,12,820,5164,2,0,9,168,256,capacity,30,0,0,0,0,2,32,true,2589.921,2525.421,0.024904,false,false,0.000000,6,6144,491,491,763,TP_RECOVERY,,11282,1178193445,57064540,90.72
1786506741,stage5,1984,2048,512,768,0,768,5200,0,0,11,168,258,capacity,31,0,0,1,0,0,32,true,2589.921,2472.596,0.045300,false,false,786.384018,0,0,494,494,769,TP_RECOVERY,,841,1178203808,57065702,89.92
1786506743,stage5,1984,2048,512,768,0,768,5200,0,0,11,168,259,recovery_cooldown,31,0,0,1,0,0,32,true,2589.921,2381.275,0.080561,false,false,0.000000,0,0,494,494,769,TP_RECOVERY,,966,1178215335,57067064,89.43
1786506744,stage5,1984,2048,512,768,0,768,5200,0,0,11,168,260,recovery_cooldown,31,0,0,1,0,0,32,true,2589.921,2341.273,0.096006,false,false,0.000000,1,0,494,494,769,TP_RECOVERY,,3091,1178253075,57071444,89.60
1786506745,stage5,1984,2048,512,768,0,768,5200,0,0,11,168,260,recovery_cooldown,31,0,0,1,0,0,32,true,2589.921,2341.580,0.095888,false,false,0.000000,1,0,494,494,769,TP_RECOVERY,,2297,1178280849,57074669,89.60
1786506746,stage5,1984,2048,512,768,0,768,5200,0,0,11,168,260,recovery_cooldown,31,0,0,1,0,0,32,true,2589.921,2322.701,0.103177,false,false,0.000000,1,0,494,494,769,TP_RECOVERY,,1433,1178298316,57076684,89.66
1786506747,stage5,1984,2048,512,768,0,768,5200,0,0,11,168,260,recovery_cooldown,31,0,0,1,0,0,32,true,2589.921,2277.881,0.120483,false,false,0.000000,1,0,494,494,769,TP_RECOVERY,,1601,1178626868,57078715,99.39
1786506748,stage5,1984,2048,512,768,0,768,5201,0,0,11,168,260,recovery_cooldown,31,0,0,1,0,0,32,true,2589.921,2154.161,0.168252,false,false,0.000000,4,0,495,495,770,TP_RECOVERY,,432,1178631488,57079271,89.26
1786506749,stage5,1984,2048,512,768,0,768,5201,0,0,11,168,260,recovery_cooldown,31,0,0,1,0,0,32,true,2589.921,2134.950,0.175670,false,false,0.000000,1,0,495,495,770,TP_RECOVERY,,2205,1178655284,57082058,89.52
1786506750,stage5,1984,2048,512,768,0,768,5201,0,0,11,168,260,recovery_cooldown,31,0,0,1,0,0,32,true,2589.921,2118.102,0.182175,false,false,0.000000,1,0,495,495,770,TP_RECOVERY,,2513,1178682665,57085322,89.35
1786506751,stage5,1984,2048,512,768,0,768,5201,0,0,11,168,260,recovery_cooldown,31,0,0,1,0,0,32,true,2589.921,2101.701,0.188508,false,false,0.000000,1,0,495,495,770,TP_RECOVERY,,2373,1178708300,57088432,89.18
1786506752,stage5,1984,2048,512,768,0,768,5201,0,0,11,168,260,recovery_cooldown,31,0,0,1,0,0,32,true,2589.921,2146.696,0.171134,false,false,0.000000,1,0,495,495,770,TP_RECOVERY,,4031,1178751967,57093584,89.45
1786506753,stage5,1984,2048,512,768,0,768,5201,0,0,11,168,260,recovery_cooldown,31,0,0,1,0,0,32,true,2589.921,2140.872,0.173383,false,false,0.000000,1,0,495,495,770,TP_RECOVERY,,2698,1178781251,57097088,89.31
1786506754,stage5,1984,2048,512,768,0,768,5201,0,0,11,168,260,recovery_cooldown,31,0,0,1,0,0,32,true,2589.921,2114.915,0.183405,false,false,0.000000,1,0,495,495,770,TP_RECOVERY,,2683,1178810289,57100534,89.39
1786506756,stage5,1984,2048,512,768,0,768,5201,0,0,11,168,260,recovery_cooldown,31,0,0,1,0,0,32,true,2589.921,2117.342,0.182469,false,false,0.000000,1,0,495,495,770,TP_RECOVERY,,2241,1178834738,57103329,89.74
1786506757,stage5,1984,2048,512,768,0,768,5201,0,0,11,168,260,recovery_cooldown,31,0,0,1,0,0,32,true,2589.921,2118.287,0.182104,false,false,0.000000,1,0,495,495,770,TP_RECOVERY,,2656,1178863456,57106733,89.40
1786506758,stage5,1984,2048,512,768,0,768,5201,0,0,11,168,260,recovery_cooldown,31,0,0,1,0,0,32,true,2589.921,2105.669,0.186975,false,false,0.000000,1,0,495,495,770,TP_RECOVERY,,2637,1178891996,57110036,89.63
1786506759,stage5,1984,2048,512,768,0,768,5201,0,0,11,168,260,recovery_cooldown,31,0,0,1,0,0,32,true,2589.921,2074.605,0.000000,false,false,0.000000,1,0,495,495,770,TP_RECOVERY,,2947,1178924085,57113748,89.63
1786506760,stage5,1984,2048,512,768,0,768,5201,0,0,11,168,260,recovery_cooldown,31,0,0,1,0,0,32,true,2589.921,2074.865,0.198869,false,false,0.000000,1,0,495,495,770,TP_RECOVERY,,1774,1178943175,57116049,89.24
1786506761,stage5,1984,2048,512,768,0,768,5201,0,0,11,168,260,recovery_cooldown,31,0,0,1,0,0,32,true,2589.921,2080.867,0.196552,false,false,0.000000,1,0,495,495,770,TP_RECOVERY,,2208,1178967065,57118888,89.38
1786506762,stage5,1984,2048,512,768,0,768,5201,0,0,11,168,260,recovery_cooldown,31,0,0,1,0,0,32,true,2589.921,2064.854,0.202735,false,false,0.000000,1,0,495,495,770,TP_RECOVERY,,900,1178976974,57119987,90.02
1786506763,stage5,1984,2048,512,768,0,768,5201,0,0,11,168,260,recovery_cooldown,31,0,0,1,0,0,32,true,2589.921,2044.781,0.210485,false,false,0.000000,1,0,495,495,770,TP_RECOVERY,,2027,1178998931,57122535,89.60
1786506764,stage5,1984,2048,512,768,0,768,5201,0,0,11,168,260,recovery_cooldown,31,0,0,1,0,0,32,true,2589.921,2028.819,0.216648,false,false,0.000000,1,0,495,495,770,TP_RECOVERY,,1305,1179013119,57124205,89.47
1786506765,stage5,1984,2048,512,768,0,768,5201,0,0,11,168,260,recovery_cooldown,31,0,0,1,0,0,32,true,2589.921,2087.710,0.193910,false,false,0.000000,1,0,495,495,770,TP_RECOVERY,,4130,1179058135,57129384,89.68
1786506766,stage5,1984,2048,512,768,0,768,5201,0,0,11,168,260,recovery_cooldown,31,0,0,1,0,0,32,true,2589.921,2113.633,0.183900,false,false,0.000000,1,0,495,495,770,TP_RECOVERY,,3196,1179092882,57133421,89.59
1786506767,stage5,1984,2048,512,768,0,768,5201,0,0,11,168,260,recovery_cooldown,31,0,0,1,0,0,32,true,2589.921,2113.769,0.183848,false,false,0.000000,1,0,495,495,770,TP_RECOVERY,,2239,1179117218,57136254,89.57
1786506768,stage5,1984,2048,512,768,0,768,5201,0,0,11,168,260,recovery_cooldown,31,0,0,1,0,0,32,true,2589.921,2139.075,0.174077,false,false,0.000000,1,0,495,495,770,TP_RECOVERY,,4686,1179168289,57142200,89.57
1786506769,stage5,1984,2048,512,768,0,768,5201,0,0,11,168,260,recovery_cooldown,31,0,0,1,0,0,32,true,2589.921,2150.198,0.169782,false,false,0.000000,1,0,495,495,770,TP_RECOVERY,,2017,1179190076,57144586,90.13
1786506770,stage5,1984,2048,512,768,0,768,5201,0,0,11,168,260,recovery_cooldown,31,0,0,1,0,0,32,true,2589.921,2097.177,0.190255,false,false,0.000000,1,0,495,495,770,TP_RECOVERY,,14,1179190199,57144586,100.00
1786506772,cooldown,1984,2048,512,768,0,768,5201,0,0,11,168,260,recovery_cooldown,31,0,0,1,0,0,32,true,2589.921,2032.070,0.215393,false,false,0.000000,1,0,495,495,770,TP_RECOVERY,,23,1179190574,57144586,100.00
1786506773,cooldown,1984,2048,512,768,0,768,5201,0,0,11,168,260,recovery_cooldown,31,0,0,1,0,0,32,true,2589.921,2020.586,0.219827,false,false,0.000000,1,0,495,495,770,TP_RECOVERY,,14,1179190697,57144586,100.00
1786506774,cooldown,1984,2048,512,768,0,768,5201,0,0,11,168,260,recovery_cooldown,31,0,0,1,0,0,32,true,2589.921,1958.654,0.243740,false,false,0.000000,1,0,495,495,770,TP_RECOVERY,,21,1179191071,57144586,100.00
1786506775,cooldown,1984,2048,512,768,0,768,5201,0,0,11,168,260,recovery_cooldown,31,0,0,1,0,0,32,true,2589.921,1883.721,0.272672,false,false,0.000000,1,0,495,495,770,TP_RECOVERY,,16,1179191195,57144586,100.00
1786506776,cooldown,1984,2048,512,768,0,768,5201,0,0,11,168,260,recovery_cooldown,31,0,0,1,0,0,32,true,2589.921,1808.983,0.301530,true,false,0.000000,0,0,495,495,772,TP_RECOVERY,,14,1179191318,57144586,100.00
1786506777,cooldown,1984,2048,512,768,0,768,5201,0,0,11,168,262,resize_cooldown,31,0,0,1,0,0,32,true,2589.921,1769.883,0.316626,true,false,0.000000,0,0,495,495,774,TP_RECOVERY,,21,1179191692,57144586,100.00
1786506778,cooldown,1984,2048,512,768,0,768,5201,0,0,11,168,263,resize_cooldown,31,0,0,1,0,0,32,true,2424.215,1713.491,0.293177,false,false,0.000000,0,0,495,495,776,TP_RECOVERY,,16,1179191816,57144586,100.00
1786506779,cooldown,1984,2048,512,768,0,768,5201,0,0,11,168,264,resize_cooldown,31,0,0,1,0,0,32,true,2344.904,1631.110,0.304402,true,false,0.000000,0,0,495,495,778,TP_RECOVERY,,14,1179191939,57144586,100.00
1786506780,cooldown,1984,2048,512,768,0,768,5201,0,0,11,168,266,resize_cooldown,31,0,0,1,0,0,32,true,2265.262,1548.487,0.316421,true,false,0.000000,0,0,495,495,780,TP_RECOVERY,,21,1179192313,57144586,100.00
1786506781,cooldown,1984,2048,512,768,0,768,5201,0,0,11,168,267,resize_cooldown,31,0,0,1,0,0,32,true,2185.534,1467.980,0.328320,true,false,0.000000,0,0,495,495,782,TP_RECOVERY,,16,1179192437,57144586,100.00
1786506782,cooldown,1984,2048,512,768,0,768,5201,0,0,11,168,268,resize_cooldown,31,0,0,1,0,0,32,true,2104.875,1378.939,0.344883,true,false,0.000000,0,0,495,495,784,TP_RECOVERY,,14,1179192560,57144586,100.00
1786506783,cooldown,1984,2048,512,768,0,768,5201,0,0,11,168,270,resize_cooldown,31,0,0,1,0,0,32,true,2023.461,1290.740,0.362113,true,false,0.000000,0,0,495,495,786,TP_RECOVERY,,23,1179192935,57144586,100.00
1786506784,cooldown,1984,2048,512,768,0,768,5201,0,0,11,168,271,resize_cooldown,31,0,0,1,0,0,32,true,1941.374,1202.585,0.380549,true,false,0.000000,0,0,495,495,788,TP_RECOVERY,,14,1179193058,57144586,100.00
1786506785,cooldown,1984,2048,512,768,0,768,5201,0,0,11,168,272,resize_cooldown,31,0,0,1,0,0,32,true,1860.046,1128.096,0.393512,true,false,0.000000,0,0,495,495,790,TP_RECOVERY,,14,1179193181,57144586,100.00
1786506786,cooldown,1984,2048,512,768,0,768,5201,0,0,11,168,274,resize_cooldown,31,0,0,1,0,0,32,true,1778.176,1041.346,0.414374,true,false,0.000000,0,0,495,495,792,TP_RECOVERY,,23,1179193556,57144586,100.00
1786506787,cooldown,1984,2048,512,768,0,768,5201,0,0,11,168,275,resize_cooldown,31,0,0,1,0,0,32,true,1695.737,953.784,0.437540,true,false,0.000000,0,0,495,495,794,TP_RECOVERY,,14,1179193679,57144586,100.00
1786506789,cooldown,1984,2048,512,768,0,768,5201,0,0,11,168,276,resize_cooldown,31,0,0,1,0,0,32,true,1614.639,884.764,0.452036,true,false,0.000000,0,0,495,495,796,TP_RECOVERY,,14,1179193802,57144586,100.00
1786506790,cooldown,1984,2048,512,768,0,768,5201,0,0,11,168,278,resize_cooldown,31,0,0,1,0,0,32,true,1534.787,816.116,0.468255,true,false,0.000000,0,0,495,495,798,TP_RECOVERY,,23,1179194177,57144586,100.00
1786506791,cooldown,1984,2048,512,768,0,768,5201,0,0,11,168,279,resize_cooldown,31,0,0,1,0,0,32,true,1457.380,760.720,0.478022,true,false,0.000000,0,0,495,495,800,TP_RECOVERY,,14,1179194300,57144586,100.00
1786506792,cooldown,1984,2048,512,768,0,768,5201,0,0,11,168,281,resize_cooldown,31,0,0,1,0,0,32,true,1381.028,693.854,0.497582,true,false,0.000000,0,0,495,495,802,TP_RECOVERY,,21,1179194674,57144586,100.00
1786506793,cooldown,1984,2048,512,768,0,768,5201,0,0,11,168,282,resize_cooldown,31,0,0,1,0,0,32,true,1305.940,630.148,0.517476,true,false,0.000000,0,0,495,495,804,TP_RECOVERY,,16,1179194798,57144586,100.00
1786506794,cooldown,1984,2048,512,768,0,768,5201,0,0,11,168,283,resize_cooldown,31,0,0,1,0,0,32,true,1233.137,577.916,0.531345,true,false,0.000000,0,0,495,495,806,TP_RECOVERY,,14,1179194921,57144586,100.00
1786506795,cooldown,1984,2048,512,768,0,768,5201,0,0,11,168,285,resize_cooldown,31,0,0,1,0,0,32,true,1161.533,517.093,0.554818,true,false,0.000000,0,0,495,495,808,TP_RECOVERY,,21,1179195295,57144586,100.00
1786506796,cooldown,1984,2048,512,768,0,768,5201,0,0,11,168,286,resize_cooldown,31,0,0,1,0,0,32,true,1086.496,411.164,0.621568,true,false,0.000000,0,0,495,495,810,TP_RECOVERY,,16,1179195419,57144586,100.00
1786506797,cooldown,1984,2048,512,768,0,768,5201,0,0,11,168,287,resize_cooldown,31,0,0,1,0,0,32,true,930.775,231.791,0.750970,true,false,0.000000,0,0,495,495,814,TP_RECOVERY,,14,1179195542,57144586,100.00
1786506798,cooldown,1984,2048,512,768,0,768,5201,0,0,11,168,289,resize_cooldown,31,0,0,1,0,0,32,true,850.382,126.849,0.850833,true,false,0.000000,0,0,495,495,816,TP_RECOVERY,,21,1179195916,57144586,100.00
1786506799,cooldown,1984,2048,512,768,0,768,5201,0,0,11,168,290,resize_cooldown,31,0,0,1,0,0,32,true,768.369,30.246,0.960636,true,false,0.000000,0,0,495,495,818,TP_RECOVERY,,16,1179196040,57144586,100.00
1786506800,cooldown,1984,2048,512,768,0,768,5201,0,0,11,168,291,resize_cooldown,31,0,0,1,0,0,32,true,693.269,17.368,0.974947,true,false,0.000000,0,0,495,495,820,TP_RECOVERY,,14,1179196163,57144586,100.00
1786506801,cooldown,1984,2048,512,768,0,768,5201,0,0,11,168,293,resize_cooldown,31,0,0,1,0,0,32,true,625.685,17.435,0.972134,true,false,0.000000,0,0,495,495,822,TP_RECOVERY,,23,1179196538,57144586,100.00
1786506802,cooldown,1984,2048,512,768,0,768,5201,0,0,11,168,294,resize_cooldown,31,0,0,1,0,0,32,true,564.864,17.467,0.969077,true,false,0.000000,0,0,495,495,824,TP_RECOVERY,,14,1179196661,57144586,100.00
1786506803,cooldown,1984,2048,512,768,0,768,5201,0,0,11,168,295,resize_cooldown,31,0,0,1,0,0,32,true,510.124,17.467,0.965759,true,false,0.000000,0,0,495,495,826,TP_RECOVERY,,14,1179196784,57144586,100.00
1786506804,cooldown,1984,2048,512,768,0,768,5201,0,0,11,168,297,resize_cooldown,31,0,0,1,0,0,32,true,460.865,17.532,0.961957,true,false,0.000000,0,0,495,495,828,TP_RECOVERY,,23,1179197159,57144586,100.00
1786506806,cooldown,1984,2048,512,768,0,768,5201,0,0,11,168,298,resize_cooldown,31,0,0,1,0,0,32,true,416.535,17.565,0.957831,true,false,0.000000,0,0,495,495,830,TP_RECOVERY,,14,1179197282,57144586,100.00
1786506807,cooldown,1984,2048,512,768,0,768,5201,0,0,11,168,299,resize_cooldown,31,0,0,1,0,0,32,true,376.641,17.598,0.953276,true,false,0.000000,0,0,495,495,832,TP_RECOVERY,,14,1179197405,57144586,100.00
1786506808,cooldown,1984,2048,512,768,0,768,5201,0,0,11,168,301,resize_cooldown,31,0,0,1,0,0,32,true,340.740,17.630,0.948260,true,false,0.000000,0,0,495,495,834,TP_RECOVERY,,23,1179197780,57144586,100.00
1786506809,cooldown,1984,2048,512,768,0,768,5201,0,0,11,168,302,resize_cooldown,31,0,0,1,0,0,32,true,308.472,18.063,0.941443,true,false,0.000000,0,0,495,495,836,TP_RECOVERY,,14,1179197903,57144586,100.00
1786506810,cooldown,1984,2048,512,768,0,768,5201,0,0,11,168,304,resize_cooldown,31,0,0,1,0,0,32,true,279.428,18.031,0.935472,true,false,0.000000,0,0,495,495,838,TP_RECOVERY,,21,1179198277,57144586,100.00
1786506811,cooldown,1984,2048,512,768,0,768,5201,0,0,11,168,305,resize_cooldown,31,0,0,1,0,0,32,true,253.288,18.031,0.928811,true,false,0.000000,0,0,495,495,840,TP_RECOVERY,,16,1179198401,57144586,100.00
1786506812,cooldown,1984,2048,512,768,0,768,5201,0,0,11,168,306,resize_cooldown,31,0,0,1,0,0,32,true,208.550,17.600,0.915606,true,false,0.000000,0,0,495,495,844,TP_RECOVERY,,14,1179198524,57144586,100.00
1786506813,cooldown,1984,2048,512,768,0,768,5201,0,0,11,168,308,resize_cooldown,31,0,0,1,0,0,32,true,189.451,17.567,0.907273,true,false,0.000000,0,0,495,495,846,TP_RECOVERY,,21,1179198898,57144586,100.00
1786506814,cooldown,1984,2048,512,768,0,768,5201,0,0,11,168,309,resize_cooldown,31,0,0,1,0,0,32,true,172.260,17.535,0.898208,true,false,0.000000,0,0,495,495,848,TP_RECOVERY,,16,1179199022,57144586,100.00
1786506815,cooldown,1984,2048,512,768,0,768,5201,0,0,11,168,310,resize_cooldown,31,0,0,1,0,0,32,true,156.787,17.534,0.888164,true,false,0.000000,0,0,495,495,850,TP_RECOVERY,,14,1179199145,57144586,100.00
1786506816,cooldown,1984,2048,512,768,0,768,5201,0,0,11,168,312,resize_cooldown,31,0,0,1,0,0,32,true,142.865,17.569,0.877025,true,false,0.000000,0,0,495,495,852,TP_RECOVERY,,23,1179199520,57144586,100.00
1786506817,cooldown,1984,2048,512,768,0,768,5201,0,0,11,168,313,resize_cooldown,31,0,0,1,0,0,32,true,130.336,17.569,0.865202,true,false,0.000000,0,0,495,495,854,TP_RECOVERY,,14,1179199643,57144586,100.00
1786506819,cooldown,1984,2048,512,768,0,768,5201,0,0,11,168,314,resize_cooldown,31,0,0,1,0,0,32,true,119.059,17.569,0.852434,true,false,0.000000,0,0,495,495,856,TP_RECOVERY,,14,1179199766,57144586,100.00
1786506820,cooldown,1984,2048,512,768,0,768,5201,0,0,11,168,316,resize_cooldown,31,0,0,1,0,0,32,true,108.907,17.537,0.838973,true,false,0.000000,0,0,495,495,858,TP_RECOVERY,,23,1179200141,57144586,100.00
1786506821,cooldown,1984,2048,512,768,0,768,5201,0,0,11,168,317,resize_cooldown,31,0,0,1,0,0,32,true,99.770,17.537,0.824229,true,false,0.000000,0,0,495,495,860,TP_RECOVERY,,14,1179200264,57144586,100.00
1786506822,cooldown,1984,2048,512,768,0,768,5201,0,0,11,168,318,resize_cooldown,31,0,0,1,0,0,32,true,91.550,17.570,0.808078,true,false,0.000000,0,0,495,495,862,TP_RECOVERY,,14,1179200387,57144586,100.00
1786506823,cooldown,1984,2048,512,768,0,768,5201,0,0,11,168,320,resize_cooldown,31,0,0,1,0,0,32,true,84.152,17.572,0.791192,true,false,0.000000,0,0,495,495,864,TP_RECOVERY,,23,1179200762,57144586,100.00
1786506824,cooldown,1984,2048,512,768,0,768,5201,0,0,11,168,321,resize_cooldown,31,0,0,1,0,0,32,true,77.494,17.571,0.773263,true,false,0.000000,0,0,495,495,866,TP_RECOVERY,,6,1179200840,57144586,100.00
1786506825,cooldown,1984,2048,512,768,0,768,5201,0,0,11,168,323,resize_cooldown,31,0,0,1,0,0,32,true,71.498,17.537,0.754719,true,false,0.000000,0,0,495,495,868,TP_RECOVERY,,29,1179201259,57144586,100.00
1786506826,cooldown,1984,2048,512,768,0,768,5201,0,0,11,168,324,resize_cooldown,31,0,0,1,0,0,32,true,66.102,17.538,0.734682,true,false,0.000000,0,0,495,495,870,TP_RECOVERY,,18,1179201388,57144586,100.00
1786506827,cooldown,1984,2048,512,768,0,768,5201,0,0,11,168,325,resize_cooldown,31,0,0,1,0,0,32,true,56.912,17.606,0.690653,true,false,0.000000,0,0,495,495,874,TP_RECOVERY,,14,1179201511,57144586,100.00
1786506828,cooldown,1984,2048,512,768,0,768,5201,0,0,11,168,327,resize_cooldown,31,0,0,1,0,0,32,true,52.981,17.607,0.667677,true,false,0.000000,0,0,495,495,876,TP_RECOVERY,,21,1179201885,57144586,100.00
1786506829,cooldown,1984,2048,512,768,0,768,5201,0,0,11,168,328,resize_cooldown,31,0,0,1,0,0,32,true,49.444,17.607,0.643898,true,false,0.000000,0,0,495,495,878,TP_RECOVERY,,16,1179202009,57144586,100.00
1786506830,cooldown,1984,2048,512,768,0,768,5201,0,0,11,168,329,resize_cooldown,31,0,0,1,0,0,32,true,46.260,17.608,0.619365,true,false,0.000000,0,0,495,495,880,TP_RECOVERY,,14,1179202132,57144586,100.00
